compartments,abundance,growth_rate,reactions,metabolites
Acidaminococcaceae,0.0758162546455708,82.39809837881978,1461,1202
Akkermansiaceae,0.0020208682275305334,47.43889800189955,2274,1386
Bacteroidales,0.7879575482887766,240.08088712177658,3622,2027
Bifidobacteriaceae,0.0018434020314712714,124.77518451568989,3150,1754
Clostridiales,0.12956829438362172,274.44314797544394,3813,2135
Coriobacteriaceae,0.0017593863892862536,150.1749349102677,3017,1788
Erysipelotrichaceae,0.0010342460337428386,166.0254450714038,3129,1800
medium,,,769,769
