compartments,abundance,growth_rate,reactions,metabolites
Akkermansiaceae,0.006631640326415682,47.43889800189925,2274,1386
Bacteroidales,0.7723358379482903,240.08088712177664,3622,2027
Bifidobacteriaceae,0.04291985534262468,124.77518451569003,3150,1754
Clostridiales,0.16740435482750185,265.2506870713373,3959,2188
Coriobacteriaceae,0.0036234839627097377,150.17493491026755,3017,1788
Erysipelotrichaceae,0.004613446368308313,166.02544507140362,3129,1800
Methanobacteriaceae,0.0009134241117781358,52.5654585525443,1111,1017
Suterellaceae,0.0015579571123713076,26.72119575143661,1233,1098
medium,,,786,786
