compartments,abundance,growth_rate,reactions,metabolites
Bacteroidales,0.9578923638338182,240.0808871217767,3622,2027
Bifidobacteriaceae,0.0010280709431765716,124.77518451568977,3150,1754
Clostridiales,0.03934168562456007,265.2506870713374,3959,2188
Coriobacteriaceae,0.0005799911430955404,150.1749349102677,3017,1788
Erysipelotrichaceae,0.0002596350243460181,166.02544507140348,3129,1800
Pasteurellaceae,0.00031442359803193857,124.0912834174731,1615,1287
Selenomonadaceae,0.0005838298329716241,100.40590084326917,2186,1548
medium,,,783,783
